{
  "0": 3.7704453259252797,
  "1": 3.7704453259252797,
  "2": 3.7704453259252797,
  "3": 3.7704453259252797,
  "4": 3.7704453259252797,
  "5": 3.7704453259252797,
  "6": 3.7704453259252797,
  "7": 3.7704453259252797,
  "8": 3.7704453259252797,
  "9": 3.7704453259252797,
  "10": 3.7704453259252797,
  "11": 3.7704453259252797,
  "12": 3.7704453259252797,
  "13": 3.7704453259252797,
  "14": 3.7704453259252797,
  "15": 3.7704453259252797,
  "16": 2.2281402141817286,
  "17": 3.7704453259252797,
  "18": 3.7704453259252797,
  "19": 2.2281402141817286,
  "20": 3.7704453259252797,
  "21": 2.1178415371157913,
  "22": 2.0395277795819218,
  "23": 2.2281402141817286,
  "24": 1.8871227374813075,
  "25": 2.416314187866948,
  "26": 2.2281402141817286,
  "27": 2.0395277795819218,
  "28": 1.850753158683166,
  "29": 2.1178415371157913,
  "30": 1.9291081676614916,
  "31": 2.2281402141817286,
  "32": 1.9787635278663407,
  "33": 1.8871227374813075,
  "34": 1.850753158683166,
  "35": 1.8186738963117137,
  "36": 1.7899795695274565,
  "37": 1.7640242314844057,
  "38": 1.850753158683166,
  "39": 1.6795798286898358,
  "40": 1.7899795695274565,
  "41": 1.6012925419553947,
  "42": 1.6795798286898358,
  "43": 1.529943418606469,
  "44": 1.563277902254339,
  "45": 1.47352096502205,
  "46": 1.4491853125248144,
  "47": 1.47352096502205,
  "48": 1.3870890123704702,
  "49": 1.375036350651598,
  "50": 1.3692063606154812,
  "51": 1.303070005008096,
  "52": 1.2575558846926265,
  "53": 1.152078910027215,
  "54": 1.1395744586208234,
  "55": 1.1323458459278926,
  "56": 1.134733502911829,
  "57": 1.045978132612333,
  "58": 1.0582416720728272,
  "59": 0.9838454702739559,
  "60": 1.0183935072443573,
  "61": 0.9545751959763866,
  "62": 0.9293892564116365,
  "63": 0.928301298343064,
  "64": 0.8799981880054429,
  "65": 0.8836137389726567,
  "66": 0.9005563872024538,
  "67": 0.8746703065096569,
  "68": 0.8677375533264952,
  "69": 0.87379318652051,
  "70": 0.868593760354643,
  "71": 0.8863598185685744,
  "72": 0.8304820711466805,
  "73": 0.8560477688647966,
  "74": 0.9229300057360517,
  "75": 0.9348996500350126,
  "76": 0.9229300057360517,
  "77": 0.9606613630770066,
  "78": 1.0214912416664632,
  "79": 1.0807004995638587,
  "80": 1.0749029883770798,
  "81": 1.1847394473923516,
  "82": 1.375036350651598,
  "83": 1.4415371373843082,
  "84": 1.5753670125538053,
  "85": 1.6795798286898358,
  "86": 1.7403308347309001,
  "87": 1.9787635278663407,
  "88": 2.2281402141817286,
  "89": 2.1178415371157913,
  "90": 2.2281402141817286,
  "91": 3.7704453259252797,
  "92": 3.7704453259252797,
  "93": 3.7704453259252797,
  "94": 3.7704453259252797,
  "95": 2.416314187866948,
  "96": 3.7704453259252797,
  "97": 3.7704453259252797,
  "98": 3.7704453259252797,
  "99": 3.7704453259252797
}