{
  "0": 3.3366333572524245,
  "1": 2.2696950515454812,
  "2": 3.3366333572524245,
  "3": 1.9371400736721045,
  "4": 2.103771218169988,
  "5": 2.103771218169988,
  "6": 1.9371400736721045,
  "7": 1.8834146725320875,
  "8": 1.9371400736721045,
  "9": 2.103771218169988,
  "10": 1.8834146725320875,
  "11": 1.7701824336203424,
  "12": 1.839499379319257,
  "13": 1.7701824336203424,
  "14": 1.7417968940305422,
  "15": 1.6186750604156364,
  "16": 1.5747339375107459,
  "17": 1.4682812646796268,
  "18": 1.2849010400304228,
  "19": 1.3287273974518707,
  "20": 1.1599523293099183,
  "21": 1.1552564229357956,
  "22": 1.1127952351046964,
  "23": 1.0622396371085248,
  "24": 0.9980912299287561,
  "25": 0.9699980302046237,
  "26": 0.9797265689377821,
  "27": 0.9497325673640609,
  "28": 0.9113659200040963,
  "29": 0.941159567821236,
  "30": 0.8820699884895662,
  "31": 0.9383708908526114,
  "32": 0.8871935275760281,
  "33": 0.9188864537125746,
  "34": 0.899352327990307,
  "35": 0.8626502969004358,
  "36": 0.9113659200040963,
  "37": 0.8931925359020378,
  "38": 0.8842517954925411,
  "39": 0.9337963886199101,
  "40": 0.8813473080190447,
  "41": 0.9347040918216329,
  "42": 0.9040828571474926,
  "43": 0.9302007422835912,
  "44": 0.9731959761823821,
  "45": 0.9155137103003618,
  "46": 0.966843389280633,
  "47": 0.9647637901384052,
  "48": 0.9430374931180103,
  "49": 0.9887284716542112,
  "50": 0.9374487372386209,
  "51": 0.966843389280633,
  "52": 0.9439821879704735,
  "53": 1.0090927007954986,
  "54": 0.9992883839909014,
  "55": 0.9596446620569453,
  "56": 1.0398046642955683,
  "57": 1.0180216250554175,
  "58": 1.0141532146484347,
  "59": 1.060675601861009,
  "60": 1.0154356049105624,
  "61": 1.0702193876361672,
  "62": 1.0246142518303263,
  "63": 1.05300750508966,
  "64": 1.0941149641009824,
  "65": 1.0341665654274657,
  "66": 1.1247546567936255,
  "67": 1.1247546567936255,
  "68": 1.0575783401914731,
  "69": 1.1875819686179352,
  "70": 1.0560448492910839,
  "71": 1.2012863616694518,
  "72": 1.1288791546217833,
  "73": 1.172114889754379,
  "74": 1.2219019471948325,
  "75": 1.1671749335383281,
  "76": 1.3335857187446547,
  "77": 1.35947460692106,
  "78": 1.3487812373035841,
  "79": 1.486131769324111,
  "80": 1.4437687566164301,
  "81": 1.486131769324111,
  "82": 1.505414237562657,
  "83": 1.5617043391327452,
  "84": 1.6186750604156364,
  "85": 1.5493438188185833,
  "86": 1.6531661197980012,
  "87": 1.716403386610566,
  "88": 1.80235974034065,
  "89": 1.80235974034065,
  "90": 1.80235974034065,
  "91": 1.80235974034065,
  "92": 1.8834146725320875,
  "93": 1.8834146725320875,
  "94": 2.0063545890789904,
  "95": 2.0063545890789904,
  "96": 2.103771218169988,
  "97": 2.2696950515454812,
  "98": 2.103771218169988,
  "99": 1.9371400736721045
}