{
  "0": 2.552764571476483,
  "1": 2.196525338784512,
  "2": 2.1306977045702284,
  "3": 2.4296567111995597,
  "4": 2.286545498520054,
  "5": 2.067339896531868,
  "6": 1.9461488879458793,
  "7": 1.8373007905541792,
  "8": 1.743303216468087,
  "9": 1.694383944135839,
  "10": 1.6433548417603296,
  "11": 1.4328956241264057,
  "12": 1.3907357944376153,
  "13": 1.2922474549319702,
  "14": 1.2452590514822182,
  "15": 1.2022033916272745,
  "16": 1.1827720787648428,
  "17": 1.143562975223303,
  "18": 1.100710710173953,
  "19": 1.0416180449066896,
  "20": 0.9903558356819929,
  "21": 0.9723277679212226,
  "22": 0.9495817102306703,
  "23": 0.9316095923316093,
  "24": 0.8994124597720444,
  "25": 0.8995999985161132,
  "26": 0.8885158422415491,
  "27": 0.8933064237836403,
  "28": 0.8828588403596784,
  "29": 0.8723572589897407,
  "30": 0.8630294374343543,
  "31": 0.8619092831577022,
  "32": 0.8764843272518138,
  "33": 0.8857586264106143,
  "34": 0.8942214092287266,
  "35": 0.8857586264106143,
  "36": 0.8918498463523554,
  "37": 0.9060672342058711,
  "38": 0.9011057344781701,
  "39": 0.9114316706946164,
  "40": 0.9447599829844806,
  "41": 0.9388124809906293,
  "42": 0.9554529641817666,
  "43": 0.9646655698336475,
  "44": 0.9878898753372259,
  "45": 0.9651605015509941,
  "46": 1.0055658505226261,
  "47": 1.0174523545805692,
  "48": 1.0390719002637516,
  "49": 1.0455753997537427,
  "50": 1.0660259537329337,
  "51": 1.0669723247424487,
  "52": 1.0871380078192385,
  "53": 1.10937222953962,
  "54": 1.103784341824822,
  "55": 1.1348656212384058,
  "56": 1.145130758768641,
  "57": 1.1480316473952719,
  "58": 1.1446070360474323,
  "59": 1.148828863841785,
  "60": 1.1642127025191493,
  "61": 1.1867849104360733,
  "62": 1.192134484597864,
  "63": 1.192134484597864,
  "64": 1.2197326317083028,
  "65": 1.2144446305931555,
  "66": 1.3322965669684586,
  "67": 1.2912898225872351,
  "68": 1.3788346245898089,
  "69": 1.3636009408144052,
  "70": 1.4442266037120683,
  "71": 1.489124188772728,
  "72": 1.5138902275485873,
  "73": 1.6149922582881715,
  "74": 1.6297117506612486,
  "75": 1.6556821079299464,
  "76": 1.6453670284688582,
  "77": 1.6919311240531414,
  "78": 1.7203560323795501,
  "79": 1.7070280951453387,
  "80": 1.7788081171015218,
  "81": 1.7931008767420549,
  "82": 1.8329389375456548,
  "83": 1.8911860924494688,
  "84": 1.9023858645231009,
  "85": 1.9328337634513972,
  "86": 2.0262517777454616,
  "87": 1.9675736915838384,
  "88": 2.067339896531868,
  "89": 2.1614243455526894,
  "90": 2.0787770447448772,
  "91": 2.1783516616757845,
  "92": 2.2374559651961037,
  "93": 2.315312050226243,
  "94": 2.4296567111995597,
  "95": 2.4296567111995597,
  "96": 2.4296567111995597,
  "97": 2.552764571476483,
  "98": 2.552764571476483,
  "99": 2.315312050226243
}