{
  "1": 4.101968123705953,
  "2": 2.797890589540749,
  "3": 4.101968123705953,
  "4": 2.797890589540749,
  "5": 2.797890589540749,
  "6": 4.101968123705953,
  "7": 2.5939542666845643,
  "8": 4.101968123705953,
  "9": 4.101968123705953,
  "10": 2.4742079114678583,
  "11": 2.5939542666845643,
  "12": 4.101968123705953,
  "13": 2.269094438945411,
  "14": 2.797890589540749,
  "15": 2.797890589540749,
  "16": 2.117767337743601,
  "17": 2.5939542666845643,
  "18": 2.797890589540749,
  "19": 1.9784998016618758,
  "20": 4.101968123705953,
  "21": 2.797890589540749,
  "22": 2.1838807368105098,
  "23": 4.101968123705953,
  "24": 4.101968123705953,
  "25": 1.5972832793106244,
  "26": 4.101968123705953,
  "27": 2.797890589540749,
  "28": 2.323080197962748,
  "29": 2.269094438945411,
  "30": 2.797890589540749,
  "31": 1.912387302021173,
  "32": 4.101968123705953,
  "33": 2.040025454847872,
  "34": 2.2234375895725202,
  "35": 2.5939542666845643,
  "36": 4.101968123705953,
  "37": 1.470900987577287,
  "38": 2.797890589540749,
  "39": 2.797890589540749,
  "40": 2.117767337743601,
  "41": 2.797890589540749,
  "42": 4.101968123705953,
  "43": 1.5591154173399269,
  "44": 2.797890589540749,
  "45": 4.101968123705953,
  "46": 2.323080197962748,
  "47": 2.4742079114678583,
  "48": 4.101968123705953,
  "49": 1.602422351087338,
  "50": 2.797890589540749,
  "51": 1.5375553226542833,
  "52": 2.2234375895725202,
  "53": 2.797890589540749,
  "54": 2.797890589540749,
  "55": 1.5459903978142941,
  "56": 2.2234375895725202,
  "57": 2.797890589540749,
  "58": 2.117767337743601,
  "59": 2.5939542666845643,
  "60": 4.101968123705953,
  "61": 1.136124852712427,
  "62": 4.101968123705953,
  "63": 2.5939542666845643,
  "64": 2.5939542666845643,
  "65": 2.389124670807815,
  "66": 2.5939542666845643,
  "67": 1.8979335101752748,
  "68": 2.5939542666845643,
  "69": 4.101968123705953,
  "70": 1.257503988202432,
  "71": 2.5939542666845643,
  "72": 4.101968123705953,
  "73": 1.1622732347462559,
  "74": 4.101968123705953,
  "75": 2.797890589540749,
  "76": 2.1838807368105098,
  "77": 1.9784998016618758,
  "78": 2.797890589540749,
  "79": 1.782591012860781,
  "80": 4.101968123705953,
  "81": 2.797890589540749,
  "82": 2.797890589540749,
  "83": 1.0363075652981475,
  "84": 4.101968123705953,
  "85": 1.1392650220904255,
  "86": 4.101968123705953,
  "87": 2.797890589540749,
  "88": 2.5939542666845643,
  "89": 1.7383283376623686,
  "90": 4.101968123705953,
  "91": 1.8127275636920592,
  "92": 2.797890589540749,
  "93": 4.101968123705953,
  "94": 2.797890589540749,
  "95": 0.956257222146693,
  "96": 4.101968123705953,
  "97": 1.1160334169458233,
  "98": 4.101968123705953,
  "99": 4.101968123705953,
  "100": 4.101968123705953,
  "101": 1.7383283376623686,
  "102": 2.5939542666845643,
  "103": 1.8127275636920592,
  "104": 2.797890589540749,
  "105": 2.5939542666845643,
  "106": 2.797890589540749,
  "107": 0.9668545166290042,
  "108": 2.797890589540749,
  "109": 1.0972725713048317,
  "110": 2.797890589540749,
  "111": 2.797890589540749,
  "112": 2.797890589540749,
  "113": 2.389124670807815,
  "114": 1.8346734746228117,
  "115": 1.7071505532293074,
  "116": 2.4742079114678583,
  "117": 2.797890589540749,
  "118": 2.797890589540749,
  "119": 2.797890589540749,
  "120": 4.101968123705953,
  "121": 0.7532920000551468,
  "122": 2.797890589540749,
  "123": 4.101968123705953,
  "124": 2.797890589540749,
  "125": 2.5939542666845643,
  "126": 2.4742079114678583,
  "127": 1.249660744031079,
  "128": 4.101968123705953,
  "129": 2.5939542666845643,
  "130": 2.797890589540749,
  "131": 2.797890589540749,
  "132": 4.101968123705953,
  "133": 0.7283894281748559,
  "134": 2.797890589540749,
  "135": 2.5939542666845643,
  "136": 1.9976227987817199,
  "137": 2.4742079114678583,
  "138": 2.5939542666845643,
  "139": 0.9387729214889846,
  "140": 2.5939542666845643,
  "141": 2.5939542666845643,
  "142": 2.5939542666845643,
  "143": 2.797890589540749,
  "144": 2.797890589540749,
  "145": 0.8722162191144042,
  "146": 4.101968123705953,
  "147": 2.5939542666845643,
  "148": 2.323080197962748,
  "149": 2.797890589540749,
  "150": 2.797890589540749,
  "151": 0.8623725994562694,
  "152": 2.797890589540749,
  "153": 2.4742079114678583,
  "154": 1.846289138220215,
  "155": 2.5939542666845643,
  "156": 4.101968123705953,
  "157": 0.7238279847807706,
  "158": 4.101968123705953,
  "159": 2.5939542666845643,
  "160": 1.6411516694742514,
  "161": 2.4742079114678583,
  "162": 2.797890589540749,
  "163": 0.8600633000648017,
  "164": 2.797890589540749,
  "165": 2.4742079114678583,
  "166": 1.7223279172032926,
  "167": 2.5939542666845643,
  "168": 2.797890589540749,
  "169": 0.7826152562596049,
  "170": 2.797890589540749,
  "171": 2.5939542666845643,
  "172": 2.797890589540749,
  "173": 2.797890589540749,
  "174": 2.797890589540749,
  "175": 1.5334269556415476,
  "176": 4.101968123705953,
  "177": 2.5939542666845643,
  "178": 2.797890589540749,
  "179": 4.101968123705953,
  "180": 2.797890589540749,
  "181": 1.0091787511378585,
  "182": 4.101968123705953,
  "183": 2.797890589540749,
  "184": 2.389124670807815,
  "185": 2.5939542666845643,
  "186": 4.101968123705953,
  "187": 1.3732663962622473,
  "188": 4.101968123705953,
  "189": 2.797890589540749,
  "190": 2.1838807368105098,
  "191": 4.101968123705953,
  "192": 4.101968123705953,
  "193": 1.2894178930405595,
  "194": 4.101968123705953,
  "195": 2.797890589540749,
  "196": 4.101968123705953,
  "197": 2.797890589540749,
  "198": 2.797890589540749,
  "199": 1.9784998016618758,
  "200": 4.101968123705953,
  "201": 2.797890589540749,
  "202": 4.101968123705953,
  "203": 4.101968123705953,
  "204": 4.101968123705953,
  "205": 1.2420252973129196,
  "206": 4.101968123705953,
  "207": 2.797890589540749,
  "208": 4.101968123705953,
  "209": 4.101968123705953,
  "210": 4.101968123705953,
  "211": 2.1489850063360545,
  "212": 4.101968123705953,
  "213": 2.797890589540749,
  "214": 4.101968123705953,
  "215": 2.797890589540749,
  "216": 4.101968123705953,
  "217": 1.6532218277068136,
  "218": 4.101968123705953,
  "219": 4.101968123705953,
  "220": 4.101968123705953,
  "221": 4.101968123705953,
  "222": 4.101968123705953,
  "223": 2.797890589540749,
  "224": 4.101968123705953,
  "225": 4.101968123705953,
  "226": 4.101968123705953,
  "227": 4.101968123705953,
  "228": 2.0637434653950115
}